boundary_vertex_proportion,cell_id,crossing_intensity,edge_density,first_passage_frequency,num_crop_patches,num_forest_patches,num_settlement_patches,num_water_patches,pass_through_points,visits_near_crops,visits_near_settlements,visits_near_water
0.0,R000C000,1,0.008121352019659352,1,0,0,0,0,9,0,0,0
0.0,R000C001,2,0.008121366434202951,2,0,0,0,0,6,0,0,0
0.0,R000C002,1,0.008121470986876484,1,0,0,0,0,4,0,0,0
0.0,R000C003,2,0.008121395233721258,2,0,0,0,0,16,0,0,0
0.0,R000C004,2,0.00812149978864671,2,0,0,0,0,8,0,0,0
0.0,R000C005,2,0.008121424131620588,2,0,0,0,0,7,0,0,0
0.0,R000C006,2,0.008121438486833457,2,0,0,0,0,3,0,0,0
0.0,R000C007,2,0.00812154307679789,2,0,0,0,0,17,0,0,0
0.0,R000C008,2,0.008121467357862316,2,0,0,0,0,4,0,0,0
0.0,R000C009,1,0.008121481778881678,1,0,0,0,0,1,0,0,0
0.0,R000C010,0,0.008121586340556248,0,0,0,0,0,0,0,0,0
0.0,R000C011,0,0.008121510623071286,0,0,0,0,0,0,0,0,0
0.0,R000C012,0,0.008121615155282999,0,0,0,0,0,0,0,0,0
0.0,R000C013,1,0.008121539470513013,1,0,0,0,0,7,0,0,0
0.0,R000C014,1,0.008121553927299126,1,0,0,0,0,10,0,0,0
0.0,R000C015,1,0.008121658431168358,1,0,0,0,0,1,0,0,0
0.0,R000C016,1,0.008121582716158725,1,0,0,0,0,2,0,0,0
0.0,R000C017,1,0.008121687317415624,1,0,0,0,0,2,0,0,0
0.0,R000C018,1,0.008121611603402676,1,0,0,0,0,7,0,0,0
0.0,R000C019,1,0.008121626032546474,1,0,0,0,0,3,0,0,0
0.0,R000C020,1,0.008121730542008616,1,0,0,0,0,3,0,0,0
0.0,R000C021,1,0.00812165492465735,1,0,0,0,0,3,0,0,0
0.0,R000C022,0,0.008121759468066942,0,0,0,0,0,0,0,0,0
0.0,R000C023,0,0.008121683756564657,0,0,0,0,0,0,0,0,0
0.0,R000C024,0,0.008121698189717823,0,0,0,0,0,0,0,0,0
0.0,R000C025,0,0.008121802704835597,0,0,0,0,0,0,0,0,0
0.0,R000C026,0,0.008121727089910694,0,0,0,0,0,0,0,0,0
0.0,R000C027,0,0.008121831607283575,0,0,0,0,0,0,0,0,0
0.0,R000C028,0,0.00812175596163365,0,0,0,0,0,0,0,0,0
0.0,R000C029,0,0.008121770367178724,0,0,0,0,0,0,0,0,0
0.0,R000C030,0,0.008121874951311952,0,0,0,0,0,0,0,0,0
0.0,R000C031,0,0.008121799212021066,0,0,0,0,0,0,0,0,0
0.0,R000C032,0,0.008121903798428058,0,0,0,0,0,0,0,0,0
0.0,R000C033,0,0.008121828155268525,0,0,0,0,0,0,0,0,0
0.0,R000C034,0,0.008121842533100396,0,0,0,0,0,0,0,0,0
0.0,R000C035,0,0.008121947154621396,0,0,0,0,0,0,0,0,0
0.0,R000C036,0,0.00812187144948566,0,0,0,0,0,0,0,0,0
0.0,R000C037,0,0.008121976073267935,0,0,0,0,0,0,0,0,0
0.0,R000C038,0,0.008121900242262066,0,0,0,0,0,0,0,0,0
0.0,R000C039,0,0.00812191481443992,0,0,0,0,0,0,0,0,0
0.0,R000C040,0,0.008122019378149655,0,0,0,0,0,0,0,0,0
0.0,R000C041,1,0.00812194367550067,1,0,0,0,0,5,0,0,0
0.0,R000C042,2,0.008122048241460088,2,0,0,0,0,15,0,0,0
0.0,R000C043,1,0.008121972603214142,1,0,0,0,0,5,0,0,0
0.0,R000C044,1,0.008121987052618476,1,0,0,0,0,4,0,0,0
0.0,R000C045,1,0.00812209152677181,1,0,0,0,0,8,0,0,0
0.0,R000C046,2,0.008122015953466595,2,0,0,0,0,17,0,0,0
0.0,R000C047,2,0.008122120525030096,2,0,0,0,0,17,0,0,0
0.0,R000C048,2,0.008122044825846827,2,0,0,0,0,13,0,0,0
0.0,R000C049,1,0.0081220592475367,1,0,0,0,0,6,0,0,0
0.0,R000C050,1,0.00812216391766794,1,0,0,0,0,5,0,0,0
0.0,R001C000,1,0.008121602163390272,1,0,0,0,0,1,0,0,0
0.0,R001C001,1,0.008121616557986468,1,0,0,0,0,3,0,0,0
0.0,R001C002,2,0.008121721132547569,2,0,0,0,0,16,0,0,0
0.0,R001C003,2,0.008121645444473915,2,0,0,0,0,7,0,0,0
0.0,R001C004,1,0.008121750021292723,1,0,0,0,0,6,0,0,0
0.0,R001C005,1,0.00812167427076888,1,0,0,0,0,6,0,0,0
0.0,R001C006,1,0.008121688732899935,1,0,0,0,0,12,0,0,0
0.0,R001C007,2,0.008121793313052102,2,0,0,0,0,16,0,0,0
0.0,R001C008,2,0.008121717595762136,2,0,0,0,0,15,0,0,0
0.0,R001C009,2,0.008121732028558409,2,0,0,0,0,14,0,0,0
0.0,R001C010,2,0.00812183658041071,2,0,0,0,0,6,0,0,0
0.0,R001C011,0,0.008121760896296121,0,0,0,0,0,0,0,0,0
0.0,R001C012,0,0.008121865450405063,0,0,0,0,0,0,0,0,0
0.0,R001C013,0,0.008121789799006419,0,0,0,0,0,0,0,0,0
0.0,R001C014,0,0.008121804204142076,0,0,0,0,0,0,0,0,0
0.0,R001C015,0,0.008121908761624495,0,0,0,0,0,0,0,0,0
0.0,R001C016,0,0.008121833048270735,0,0,0,0,0,0,0,0,0
0.0,R001C017,0,0.008121937671438258,0,0,0,0,0,0,0,0,0
0.0,R001C018,1,0.00812186195906801,1,0,0,0,0,1,0,0,0
0.0,R001C019,0,0.008121876399997759,0,0,0,0,0,0,0,0,0
0.0,R001C020,0,0.008121980994803988,0,0,0,0,0,0,0,0,0
0.0,R001C021,0,0.008121905252241464,0,0,0,0,0,0,0,0,0
0.0,R001C022,0,0.008122009849269108,0,0,0,0,0,0,0,0,0
0.0,R001C023,0,0.008121934202864485,0,0,0,0,0,0,0,0,0
0.0,R001C024,0,0.0081219485843655,0,0,0,0,0,0,0,0,0
0.0,R001C025,0,0.008122053216550193,0,0,0,0,0,0,0,0,0
0.0,R001C026,0,0.008121977508132589,0,0,0,0,0,0,0,0,0
0.0,R001C027,0,0.008122082079123596,0,0,0,0,0,0,0,0,0
0.0,R001C028,0,0.008122006403419257,0,0,0,0,0,0,0,0,0
0.0,R001C029,0,0.008122020884179187,0,0,0,0,0,0,0,0,0
0.0,R001C030,0,0.008122125395085241,0,0,0,0,0,0,0,0,0
0.0,R001C031,0,0.008122049752607132,0,0,0,0,0,0,0,0,0
0.0,R001C032,0,0.008122154360927804,0,0,0,0,0,0,0,0,0
0.0,R001C033,0,0.008122078624281328,0,0,0,0,0,0,0,0,0
0.0,R001C034,0,0.008122093109053527,0,0,0,0,0,0,0,0,0
0.0,R001C035,0,0.00812219772078282,0,0,0,0,0,0,0,0,0
0.0,R001C036,0,0.008122122017307182,0,0,0,0,0,0,0,0,0
0.0,R001C037,0,0.008122226567849883,0,0,0,0,0,0,0,0,0
0.0,R001C038,0,0.008122150960535,0,0,0,0,0,0,0,0,0
0.0,R001C039,0,0.008122165385921164,0,0,0,0,0,0,0,0,0
0.0,R001C040,0,0.00812226997155299,0,0,0,0,0,0,0,0,0
0.0,R001C041,1,0.008122194302272753,1,0,0,0,0,5,0,0,0
0.0,R001C042,1,0.008122298921886274,1,0,0,0,0,11,0,0,0
0.0,R001C043,1,0.00812222322186845,1,0,0,0,0,5,0,0,0
0.0,R001C044,1,0.008122237683068578,1,0,0,0,0,3,0,0,0
0.0,R001C045,1,0.008122342274296465,1,0,0,0,0,7,0,0,0
0.0,R001C046,1,0.008122266575790956,1,0,0,0,0,11,0,0,0
0.0,R001C047,1,0.008122371201005452,1,0,0,0,0,3,0,0,0
0.0,R001C048,1,0.008122295566925826,1,0,0,0,0,2,0,0,0
0.0,R001C049,1,0.008122310000406911,1,0,0,0,0,1,0,0,0
0.0,R001C050,1,0.008122414597326115,1,0,0,0,0,2,0,0,0
0.0,R002C000,0,0.008121674255993342,0,0,0,0,0,0,0,0,0
0.0,R002C001,1,0.008121688757517266,1,0,0,0,0,7,0,0,0
0.0,R002C002,2,0.008121793219198564,2,0,0,0,0,11,0,0,0
0.0,R002C003,1,0.008121717604119408,1,0,0,0,0,17,0,0,0
0.0,R002C004,1,0.008121822131495888,1,0,0,0,0,13,0,0,0
0.0,R002C005,1,0.008121746453963796,1,0,0,0,0,7,0,0,0
0.0,R002C006,1,0.008121760927871532,1,0,0,0,0,11,0,0,0
0.0,R002C007,1,0.008121865458583665,1,0,0,0,0,6,0,0,0
0.0,R002C008,1,0.008121789782571786,1,0,0,0,0,2,0,0,0
0.0,R002C009,1,0.00812180419543129,1,0,0,0,0,2,0,0,0
0.0,R002C010,1,0.008121908856435977,1,0,0,0,0,1,0,0,0
0.0,R002C011,1,0.008121833118451077,1,0,0,0,0,1,0,0,0
0.0,R002C012,0,0.008121937686551664,0,0,0,0,0,0,0,0,0
0.0,R002C013,0,0.008121862044717914,0,0,0,0,0,0,0,0,0
0.0,R002C014,0,0.008121876429920603,0,0,0,0,0,0,0,0,0
0.0,R002C015,0,0.00812198109655601,0,0,0,0,0,0,0,0,0
0.0,R002C016,0,0.008121905329325713,0,0,0,0,0,0,0,0,0
0.0,R002C017,0,0.00812200993478575,0,0,0,0,0,0,0,0,0
0.0,R002C018,0,0.0081219342954097,0,0,0,0,0,0,0,0,0
0.0,R002C019,0,0.008121948716415844,0,0,0,0,0,0,0,0,0
0.0,R002C020,0,0.008122053293502103,0,0,0,0,0,0,0,0,0
0.0,R002C021,0,0.00812197765566595,0,0,0,0,0,0,0,0,0
0.0,R002C022,0,0.00812208223497747,0,0,0,0,0,0,0,0,0
0.0,R002C023,0,0.008122006534709441,0,0,0,0,0,0,0,0,0
0.0,R002C024,0,0.00812202099142815,0,0,0,0,0,0,0,0,0
0.0,R002C025,0,0.008122125574194066,0,0,0,0,0,0,0,0,0
0.0,R002C026,0,0.008122049907054715,0,0,0,0,0,0,0,0,0
0.0,R002C027,0,0.008122154492069034,0,0,0,0,0,0,0,0,0
0.0,R002C028,0,0.008122078857652114,0,0,0,0,0,0,0,0,0
0.0,R002C029,0,0.00812209328676313,0,0,0,0,0,0,0,0,0
0.0,R002C030,0,0.008122197906829536,0,0,0,0,0,0,0,0,0
0.0,R002C031,0,0.008122122210483416,0,0,0,0,0,0,0,0,0
0.0,R002C032,0,0.00812222680110887,0,0,0,0,0,0,0,0,0
0.0,R002C033,0,0.00812215116918029,0,0,0,0,0,0,0,0,0
0.0,R002C034,0,0.008122165602319051,0,0,0,0,0,0,0,0,0
0.0,R002C035,0,0.008122270196340688,0,0,0,0,0,0,0,0,0
0.0,R002C036,0,0.008122194534162429,0,0,0,0,0,0,0,0,0
0.0,R002C037,0,0.008122299193877573,0,0,0,0,0,0,0,0,0
0.0,R002C038,0,0.008122223437545205,0,0,0,0,0,0,0,0,0
0.0,R002C039,0,0.008122237938160077,0,0,0,0,0,0,0,0,0
0.0,R002C040,0,0.008122342601266243,0,0,0,0,0,0,0,0,0
0.0,R002C041,1,0.008122266878120479,1,0,0,0,0,4,0,0,0
0.0,R002C042,1,0.00812237148003209,1,0,0,0,0,2,0,0,0
0.0,R002C043,1,0.008122295821314603,1,0,0,0,0,12,0,0,0
0.0,R002C044,1,0.008122310294309295,1,0,0,0,0,8,0,0,0
0.0,R002C045,0,0.008122414899572675,0,0,0,0,0,0,0,0,0
0.0,R002C046,1,0.008122339274071983,1,0,0,0,0,2,0,0,0
0.0,R002C047,1,0.008122443881605775,1,0,0,0,0,1,0,0,0
0.0,R002C048,1,0.008122368193654176,1,0,0,0,0,2,0,0,0
0.0,R002C049,1,0.00812238267066338,1,0,0,0,0,1,0,0,0
0.0,R002C050,1,0.008122487281607565,1,0,0,0,0,1,0,0,0
0.0,R003C000,1,0.00812183544839514,1,0,0,0,0,1,0,0,0
0.0,R003C001,1,0.00812184996169661,1,0,0,0,0,14,0,0,0
0.0,R003C002,2,0.008121954536485556,2,0,0,0,0,3,0,0,0
0.0,R003C003,1,0.00812187880013794,1,0,0,0,0,2,0,0,0
0.0,R003C004,1,0.008121983440625277,1,0,0,0,0,12,0,0,0
0.0,R003C005,1,0.008121907768704589,1,0,0,0,0,9,0,0,0
0.0,R003C006,1,0.008121922159233528,1,0,0,0,0,2,0,0,0
0.0,R003C007,1,0.00812202680305968,1,0,0,0,0,3,0,0,0
0.0,R003C008,1,0.008121951100934777,1,0,0,0,0,3,0,0,0
0.0,R003C009,0,0.008121965589015432,0,0,0,0,0,0,0,0,0
0.0,R003C010,0,0.008122070109383124,0,0,0,0,0,0,0,0,0
0.0,R003C011,0,0.008121994472168225,0,0,0,0,0,0,0,0,0
0.0,R003C012,0,0.008122099089948119,0,0,0,0,0,0,0,0,0
0.0,R003C013,0,0.008122023390288446,0,0,0,0,0,0,0,0,0
0.0,R003C014,0,0.00812203785071096,0,0,0,0,0,0,0,0,0
0.0,R003C015,0,0.008122142471879042,0,0,0,0,0,0,0,0,0
0.0,R003C016,0,0.008122066805411873,0,0,0,0,0,0,0,0,0
0.0,R003C017,0,0.008122171333677961,0,0,0,0,0,0,0,0,0
0.0,R003C018,0,0.008122095699919266,0,0,0,0,0,0,0,0,0
0.0,R003C019,0,0.008122110196146403,0,0,0,0,0,0,0,0,0
0.0,R003C020,0,0.008122214791202629,0,0,0,0,0,0,0,0,0
0.0,R003C021,0,0.00812213906383118,0,0,0,0,0,0,0,0,0
0.0,R003C022,0,0.008122243724541662,0,0,0,0,0,0,0,0,0
0.0,R003C023,0,0.00812216802988858,0,0,0,0,0,0,0,0,0
0.0,R003C024,0,0.008122182530118783,0,0,0,0,0,0,0,0,0
0.0,R003C025,0,0.0081222870674246,0,0,0,0,0,0,0,0,0
0.0,R003C026,0,0.008122211469332258,0,0,0,0,0,0,0,0,0
0.0,R003C027,0,0.008122316072319122,0,0,0,0,0,0,0,0,0
0.0,R003C028,0,0.008122240380087424,0,0,0,0,0,0,0,0,0
0.0,R003C029,0,0.00812225485271578,0,0,0,0,0,0,0,0,0
0.0,R003C030,0,0.008122359459035012,0,0,0,0,0,0,0,0,0
0.0,R003C031,0,0.008122283831742806,0,0,0,0,0,0,0,0,0
0.0,R003C032,0,0.00812238840863402,0,0,0,0,0,0,0,0,0
0.0,R003C033,0,0.008122312782316931,0,0,0,0,0,0,0,0,0
0.0,R003C034,0,0.00812232719553381,0,0,0,0,0,0,0,0,0
0.0,R003C035,0,0.008122431870983379,0,0,0,0,0,0,0,0,0
0.0,R003C036,0,0.008122356150976314,0,0,0,0,0,0,0,0,0
0.0,R003C037,0,0.008122460796955723,0,0,0,0,0,0,0,0,0
0.0,R003C038,0,0.00812238517312248,0,0,0,0,0,0,0,0,0
0.0,R003C039,0,0.008122399590386636,0,0,0,0,0,0,0,0,0
0.0,R003C040,1,0.008122504271467589,1,0,0,0,0,3,0,0,0
0.0,R003C041,1,0.008122428585663047,1,0,0,0,0,9,0,0,0
0.0,R003C042,1,0.008122533237289651,1,0,0,0,0,4,0,0,0
0.0,R003C043,1,0.00812245752074508,1,0,0,0,0,2,0,0,0
0.0,R003C044,1,0.00812247206898487,1,0,0,0,0,8,0,0,0
0.0,R003C045,1,0.008122576692240334,1,0,0,0,0,6,0,0,0
0.0,R003C046,1,0.008122501008929297,1,0,0,0,0,2,0,0,0
0.0,R003C047,1,0.00812260563444548,1,0,0,0,0,2,0,0,0
0.0,R003C048,1,0.008122529983839114,1,0,0,0,0,1,0,0,0
0.0,R003C049,1,0.00812254450438603,1,0,0,0,0,2,0,0,0
0.0,R003C050,1,0.008122649101595986,1,0,0,0,0,2,0,0,0
0.0,R004C000,0,0.008122085811210005,0,0,0,0,0,0,0,0,0
0.0,R004C001,1,0.008122100304579228,1,0,0,0,0,9,0,0,0
0.0,R004C002,1,0.008122204901282872,1,0,0,0,0,2,0,0,0
0.0,R004C003,1,0.008122129198307142,1,0,0,0,0,3,0,0,0
0.0,R004C004,1,0.008122233828990718,1,0,0,0,0,8,0,0,0
0.0,R004C005,1,0.008122158158724179,1,0,0,0,0,5,0,0,0
0.0,R004C006,1,0.008122172592759852,1,0,0,0,0,4,0,0,0
0.0,R004C007,0,0.008122277226781925,0,0,0,0,0,0,0,0,0
0.0,R004C008,0,0.008122201494595504,0,0,0,0,0,0,0,0,0
0.0,R004C009,0,0.008122216057906988,0,0,0,0,0,0,0,0,0
0.0,R004C010,0,0.008122320631911855,0,0,0,0,0,0,0,0,0
0.0,R004C011,0,0.008122244932910826,0,0,0,0,0,0,0,0,0
0.0,R004C012,0,0.008122349572618303,0,0,0,0,0,0,0,0,0
0.0,R004C013,0,0.008122273874616268,0,0,0,0,0,0,0,0,0
0.0,R004C014,0,0.008122288410264755,0,0,0,0,0,0,0,0,0
0.0,R004C015,0,0.008122392926476863,0,0,0,0,0,0,0,0,0
0.0,R004C016,0,0.008122317325115671,0,0,0,0,0,0,0,0,0
0.0,R004C017,0,0.008122421938741613,0,0,0,0,0,0,0,0,0
0.0,R004C018,0,0.008122346274934146,0,0,0,0,0,0,0,0,0
0.0,R004C019,0,0.008122360687783317,0,0,0,0,0,0,0,0,0
0.0,R004C020,0,0.008122465368207342,0,0,0,0,0,0,0,0,0
0.0,R004C021,0,0.008122389705937906,0,0,0,0,0,0,0,0,0
0.0,R004C022,0,0.008122494325147967,0,0,0,0,0,0,0,0,0
0.0,R004C023,0,0.008122418663866048,0,0,0,0,0,0,0,0,0
0.0,R004C024,0,0.008122433112459384,0,0,0,0,0,0,0,0,0
0.0,R004C025,0,0.008122537766845754,0,0,0,0,0,0,0,0,0
0.0,R004C026,0,0.008122462075273139,0,0,0,0,0,0,0,0,0
0.0,R004C027,0,0.008122566731913604,0,0,0,0,0,0,0,0,0
0.0,R004C028,0,0.008122491041337384,0,0,0,0,0,0,0,0,0
0.0,R004C029,0,0.00812250558920354,0,0,0,0,0,0,0,0,0
0.0,R004C030,0,0.008122610154029907,0,0,0,0,0,0,0,0,0
0.0,R004C031,0,0.008122534496682675,0,0,0,0,0,0,0,0,0
0.0,R004C032,0,0.008122639190669674,0,0,0,0,0,0,0,0,0
0.0,R004C033,0,0.008122563439140543,0,0,0,0,0,0,0,0,0
0.0,R004C034,0,0.008122578022755907,0,0,0,0,0,0,0,0,0
0.0,R004C035,0,0.008122682593265068,0,0,0,0,0,0,0,0,0
0.0,R004C036,0,0.008122607001811586,0,0,0,0,0,0,0,0,0
0.0,R004C037,0,0.008122711574574682,0,0,0,0,0,0,0,0,0
0.0,R004C038,0,0.008122635952401137,0,0,0,0,0,0,0,0,0
0.0,R004C039,2,0.008122650413199055,2,0,0,0,0,2,0,0,0
0.0,R004C040,2,0.008122755084504302,2,0,0,0,0,12,0,0,0
0.0,R004C041,1,0.008122679400365457,1,0,0,0,0,1,0,0,0
0.0,R004C042,1,0.008122784042226041,1,0,0,0,0,4,0,0,0
0.0,R004C043,1,0.008122708454229842,1,0,0,0,0,4,0,0,0
0.0,R004C044,2,0.008122722887400714,2,0,0,0,0,7,0,0,0
0.0,R004C045,1,0.008122827564311954,1,0,0,0,0,7,0,0,0
0.0,R004C046,2,0.008122751882686892,2,0,0,0,0,4,0,0,0
0.0,R004C047,0,0.00812285656187111,0,0,0,0,0,0,0,0,0
0.0,R004C048,0,0.008122780912939713,0,0,0,0,0,0,0,0,0
0.0,R004C049,1,0.008122795381847587,1,0,0,0,0,1,0,0,0
0.0,R004C050,0,0.00812290006445806,0,0,0,0,0,0,0,0,0
0.0,R005C000,0,0.008122158106745199,0,0,0,0,0,0,0,0,0
0.0,R005C001,0,0.00812217261190408,0,0,0,0,0,0,0,0,0
0.0,R005C002,0,0.008122277190893732,0,0,0,0,0,0,0,0,0
0.0,R005C003,0,0.008122201560929052,0,0,0,0,0,0,0,0,0
0.0,R005C004,0,0.008122306173906059,0,0,0,0,0,0,0,0,0
0.0,R005C005,0,0.00812223048148105,0,0,0,0,0,0,0,0,0
0.0,R005C006,0,0.008122245022466975,0,0,0,0,0,0,0,0,0
0.0,R005C007,0,0.008122349607067614,0,0,0,0,0,0,0,0,0
0.0,R005C008,0,0.008122273947888975,0,0,0,0,0,0,0,0,0
0.0,R005C009,0,0.00812228836438806,0,0,0,0,0,0,0,0,0
0.0,R005C010,0,0.0081223930475753,0,0,0,0,0,0,0,0,0
0.0,R005C011,0,0.008122317389860289,0,0,0,0,0,0,0,0,0
0.0,R005C012,0,0.008122422011868784,0,0,0,0,0,0,0,0,0
0.0,R005C013,0,0.008122346386874165,0,0,0,0,0,0,0,0,0
0.0,R005C014,0,0.008122360807441761,0,0,0,0,0,0,0,0,0
0.0,R005C015,0,0.008122465464559562,0,0,0,0,0,0,0,0,0
0.0,R005C016,0,0.008122389841041435,0,0,0,0,0,0,0,0,0
0.0,R005C017,0,0.008122494405252442,0,0,0,0,0,0,0,0,0
0.0,R005C018,0,0.008122418782736803,0,0,0,0,0,0,0,0,0
0.0,R005C019,0,0.008122433239114013,0,0,0,0,0,0,0,0,0
0.0,R005C020,0,0.00812253787011342,0,0,0,0,0,0,0,0,0
0.0,R005C021,0,0.008122462312578294,0,0,0,0,0,0,0,0,0
0.0,R005C022,0,0.008122566818936958,0,0,0,0,0,0,0,0,0
0.0,R005C023,0,0.008122491230668272,0,0,0,0,0,0,0,0,0
0.0,R005C024,0,0.008122505754508623,0,0,0,0,0,0,0,0,0
0.0,R005C025,0,0.00812261032775862,0,0,0,0,0,0,0,0,0
0.0,R005C026,0,0.008122534709207296,0,0,0,0,0,0,0,0,0
0.0,R005C027,0,0.008122639348154452,0,0,0,0,0,0,0,0,0
0.0,R005C028,0,0.00812256369887608,0,0,0,0,0,0,0,0,0
0.0,R005C029,0,0.00812257816337863,0,0,0,0,0,0,0,0,0
0.0,R005C030,0,0.008122682869134753,0,0,0,0,0,0,0,0,0
0.0,R005C031,0,0.00812260715791437,0,0,0,0,0,0,0,0,0
0.0,R005C032,0,0.008122711834216756,0,0,0,0,0,0,0,0,0
0.0,R005C033,0,0.008122636219159153,0,0,0,0,0,0,0,0,0
0.0,R005C034,0,0.008122650592524372,0,0,0,0,0,0,0,0,0
0.0,R005C035,0,0.008122755367403027,0,0,0,0,0,0,0,0,0
0.0,R005C036,0,0.00812267969035793,0,0,0,0,0,0,0,0,0
0.0,R005C037,0,0.008122784340617334,0,0,0,0,0,0,0,0,0
0.0,R005C038,0,0.008122708664573448,0,0,0,0,0,0,0,0,0
0.0,R005C039,0,0.008122723232347761,0,0,0,0,0,0,0,0,0
0.0,R005C040,1,0.008122827790809771,1,0,0,0,0,2,0,0,0
0.0,R005C041,1,0.00812275224313339,1,0,0,0,0,4,0,0,0
0.0,R005C042,1,0.008122856899042918,1,0,0,0,0,1,0,0,0
0.0,R005C043,0,0.008122781162015607,0,0,0,0,0,0,0,0,0
0.0,R005C044,1,0.008122795765620531,1,0,0,0,0,7,0,0,0
0.0,R005C045,2,0.008122900361403923,2,0,0,0,0,9,0,0,0
0.0,R005C046,1,0.00812282472108169,1,0,0,0,0,15,0,0,0
0.0,R005C047,1,0.008122929414322725,1,0,0,0,0,7,0,0,0
0.0,R005C048,1,0.008122853806692048,1,0,0,0,0,8,0,0,0
0.0,R005C049,1,0.00812286825570326,1,0,0,0,0,1,0,0,0
0.0,R005C050,0,0.008122972952349029,0,0,0,0,0,0,0,0,0
0.0,R006C000,0,0.008122408605071147,0,0,0,0,0,0,0,0,0
0.0,R006C001,0,0.00812242312201741,0,0,0,0,0,0,0,0,0
0.0,R006C002,0,0.008122527754658031,0,0,0,0,0,0,0,0,0
0.0,R006C003,0,0.008122452031186198,0,0,0,0,0,0,0,0,0
0.0,R006C004,0,0.008122556729531816,0,0,0,0,0,0,0,0,0
0.0,R006C005,0,0.008122481038769893,0,0,0,0,0,0,0,0,0
0.0,R006C006,0,0.008122495528109494,0,0,0,0,0,0,0,0,0
0.0,R006C007,0,0.008122600166359009,0,0,0,0,0,0,0,0,0
0.0,R006C008,0,0.008122524508840216,0,0,0,0,0,0,0,0,0
0.0,R006C009,0,0.008122539000580364,0,0,0,0,0,0,0,0,0
0.0,R006C010,0,0.008122643642258362,0,0,0,0,0,0,0,0,0
0.0,R006C011,0,0.00812256801792504,0,0,0,0,0,0,0,0,0
0.0,R006C012,0,0.008122672630153389,0,0,0,0,0,0,0,0,0
0.0,R006C013,0,0.008122596943370686,0,0,0,0,0,0,0,0,0
0.0,R006C014,0,0.00812261150262381,0,0,0,0,0,0,0,0,0
0.0,R006C015,0,0.008122716149964413,0,0,0,0,0,0,0,0,0
0.0,R006C016,0,0.008122640432944311,0,0,0,0,0,0,0,0,0
0.0,R006C017,0,0.008122745145982364,0,0,0,0,0,0,0,0,0
0.0,R006C018,0,0.008122669461677862,0,0,0,0,0,0,0,0,0
0.0,R006C019,0,0.008122683993310283,0,0,0,0,0,0,0,0,0
0.0,R006C020,0,0.008122788614532701,0,0,0,0,0,0,0,0,0
0.0,R006C021,0,0.008122712931770228,0,0,0,0,0,0,0,0,0
0.0,R006C022,0,0.00812281761868399,0,0,0,0,0,0,0,0,0
0.0,R006C023,0,0.008122742000360523,0,0,0,0,0,0,0,0,0
0.0,R006C024,0,0.008122756440842059,0,0,0,0,0,0,0,0,0
0.0,R006C025,0,0.008122861162928052,0,0,0,0,0,0,0,0,0
0.0,R006C026,0,0.00812278548259521,0,0,0,0,0,0,0,0,0
0.0,R006C027,0,0.008122890143488944,0,0,0,0,0,0,0,0,0
0.0,R006C028,0,0.008122814527602037,0,0,0,0,0,0,0,0,0
0.0,R006C029,0,0.0081228290039218,0,0,0,0,0,0,0,0,0
0.0,R006C030,0,0.008122933668183164,0,0,0,0,0,0,0,0,0
0.0,R006C031,0,0.008122858053790339,0,0,0,0,0,0,0,0,0
0.0,R006C032,0,0.008122962688598469,0,0,0,0,0,0,0,0,0
0.0,R006C033,0,0.008122887011768644,0,0,0,0,0,0,0,0,0
0.0,R006C034,0,0.008122901587281654,0,0,0,0,0,0,0,0,0
0.0,R006C035,0,0.008123006225511339,0,0,0,0,0,0,0,0,0
0.0,R006C036,0,0.00812293058185981,0,0,0,0,0,0,0,0,0
0.0,R006C037,0,0.008123035222340343,0,0,0,0,0,0,0,0,0
0.0,R006C038,0,0.008122959674863215,0,0,0,0,0,0,0,0,0
0.0,R006C039,0,0.008122974095837397,0,0,0,0,0,0,0,0,0
0.0,R006C040,0,0.008123078834888194,0,0,0,0,0,0,0,0,0
0.0,R006C041,1,0.008123003193709299,1,0,0,0,0,1,0,0,0
0.0,R006C042,1,0.008123107808127998,1,0,0,0,0,4,0,0,0
0.0,R006C043,1,0.008123032199672644,1,0,0,0,0,3,0,0,0
0.0,R006C044,1,0.00812304675164537,1,0,0,0,0,4,0,0,0
0.0,R006C045,1,0.00812315136939634,1,0,0,0,0,8,0,0,0
0.0,R006C046,1,0.008123075794191874,1,0,0,0,0,13,0,0,0
0.0,R006C047,1,0.008123180445953965,1,0,0,0,0,9,0,0,0
0.0,R006C048,1,0.008123104808275713,1,0,0,0,0,9,0,0,0
0.0,R006C049,1,0.00812311936428493,1,0,0,0,0,11,0,0,0
0.0,R006C050,1,0.008123223987724618,1,0,0,0,0,12,0,0,0
0.0,R007C000,0,0.008122481088764988,0,0,0,0,0,0,0,0,0
0.0,R007C001,0,0.008122495522345455,0,0,0,0,0,0,0,0,0
0.0,R007C002,0,0.008122600169007396,0,0,0,0,0,0,0,0,0
0.0,R007C003,0,0.008122524518553262,0,0,0,0,0,0,0,0,0
0.0,R007C004,0,0.008122629199198147,0,0,0,0,0,0,0,0,0
0.0,R007C005,0,0.008122553581454956,0,0,0,0,0,0,0,0,0
0.0,R007C006,0,0.008122568019150518,0,0,0,0,0,0,0,0,0
0.0,R007C007,0,0.008122672671428658,0,0,0,0,0,0,0,0,0
0.0,R007C008,0,0.008122597055200166,0,0,0,0,0,0,0,0,0
0.0,R007C009,0,0.008122611558745628,0,0,0,0,0,0,0,0,0
0.0,R007C010,0,0.00812271621445881,0,0,0,0,0,0,0,0,0
0.0,R007C011,0,0.00812264053624537,0,0,0,0,0,0,0,0,0
0.0,R007C012,0,0.008122745225955897,0,0,0,0,0,0,0,0,0
0.0,R007C013,0,0.008122669580471012,0,0,0,0,0,0,0,0,0
0.0,R007C014,0,0.008122684056359655,0,0,0,0,0,0,0,0,0
0.0,R007C015,0,0.008122788717728369,0,0,0,0,0,0,0,0,0
0.0,R007C016,0,0.008122713137180888,0,0,0,0,0,0,0,0,0
0.0,R007C017,0,0.008122817737363642,0,0,0,0,0,0,0,0,0
0.0,R007C018,0,0.008122742126082286,0,0,0,0,0,0,0,0,0
0.0,R007C019,0,0.00812275660606803,0,0,0,0,0,0,0,0,0
0.0,R007C020,0,0.00812286127306562,0,0,0,0,0,0,0,0,0
0.0,R007C021,0,0.008122785663319296,0,0,0,0,0,0,0,0,0
0.0,R007C022,0,0.00812289036427914,0,0,0,0,0,0,0,0,0
0.0,R007C023,0,0.008122814660354282,0,0,0,0,0,0,0,0,0
0.0,R007C024,0,0.008122829207828655,0,0,0,0,0,0,0,0,0
0.0,R007C025,0,0.008122933848782309,0,0,0,0,0,0,0,0,0
0.0,R007C026,1,0.008122858241474646,1,0,0,0,0,1,0,0,0
0.0,R007C027,0,0.008122962916421318,0,0,0,0,0,0,0,0,0
0.0,R007C028,0,0.008122887246658606,0,0,0,0,0,0,0,0,0
0.0,R007C029,0,0.008122901798244313,0,0,0,0,0,0,0,0,0
0.0,R007C030,0,0.008123006476549979,0,0,0,0,0,0,0,0,0
0.0,R007C031,0,0.008122930776576848,0,0,0,0,0,0,0,0,0
0.0,R007C032,0,0.008123035552323576,0,0,0,0,0,0,0,0,0
0.0,R007C033,0,0.00812295991679543,0,0,0,0,0,0,0,0,0
0.0,R007C034,0,0.008122974377234757,0,0,0,0,0,0,0,0,0
0.0,R007C035,0,0.00812307906123231,0,0,0,0,0,0,0,0,0
0.0,R007C036,0,0.008123003458898641,0,0,0,0,0,0,0,0,0
0.0,R007C037,0,0.00812310814515474,0,0,0,0,0,0,0,0,0
0.0,R007C038,0,0.008123032480369998,0,0,0,0,0,0,0,0,0
0.0,R007C039,0,0.008123047040045251,0,0,0,0,0,0,0,0,0
0.0,R007C040,0,0.008123151697991252,0,0,0,0,0,0,0,0,0
0.0,R007C041,0,0.008123076098120439,0,0,0,0,0,0,0,0,0
0.0,R007C042,0,0.00812318079004005,0,0,0,0,0,0,0,0,0
0.0,R007C043,1,0.008123105127730217,1,0,0,0,0,5,0,0,0
0.0,R007C044,1,0.008123119691514146,1,0,0,0,0,4,0,0,0
0.0,R007C045,1,0.008123224386798803,1,0,0,0,0,6,0,0,0
0.0,R007C046,1,0.00812314872598262,1,0,0,0,0,10,0,0,0
0.0,R007C047,1,0.008123253423544335,1,0,0,0,0,7,0,0,0
0.0,R007C048,1,0.008123177858895242,1,0,0,0,0,3,0,0,0
0.0,R007C049,1,0.00812319233155939,1,0,0,0,0,1,0,0,0
0.0,R007C050,0,0.00812329706425125,0,0,0,0,0,0,0,0,0
0.0,R008C000,0,0.008122731659152633,0,0,0,0,0,0,0,0,0
0.0,R008C001,0,0.008122746167982049,0,0,0,0,0,0,0,0,0
0.0,R008C002,0,0.008122850836588176,0,0,0,0,0,0,0,0,0
0.0,R008C003,0,0.00812277518779214,0,0,0,0,0,0,0,0,0
0.0,R008C004,0,0.008122879858655079,0,0,0,0,0,0,0,0,0
0.0,R008C005,0,0.008122804179134174,0,0,0,0,0,0,0,0,0
0.0,R008C006,0,0.008122818723794752,0,0,0,0,0,0,0,0,0
0.0,R008C007,0,0.008122923398024362,0,0,0,0,0,0,0,0,0
0.0,R008C008,0,0.00812284781518434,0,0,0,0,0,0,0,0,0
0.0,R008C009,0,0.008122862203633539,0,0,0,0,0,0,0,0,0
0.0,R008C010,0,0.008122966976476754,0,0,0,0,0,0,0,0,0
0.0,R008C011,0,0.008122891268199083,0,0,0,0,0,0,0,0,0
0.0,R008C012,0,0.008122996011585063,0,0,0,0,0,0,0,0,0
0.0,R008C013,0,0.008122920304316605,0,0,0,0,0,0,0,0,0
0.0,R008C014,0,0.008122934887188082,0,0,0,0,0,0,0,0,0
0.0,R008C015,0,0.00812303953878762,0,0,0,0,0,0,0,0,0
0.0,R008C016,0,0.008122963864729068,0,0,0,0,0,0,0,0,0
0.0,R008C017,0,0.008123068613769357,0,0,0,0,0,0,0,0,0
0.0,R008C018,0,0.008122992908978777,0,0,0,0,0,0,0,0,0
0.0,R008C019,0,0.008123007464224254,0,0,0,0,0,0,0,0,0
0.0,R008C020,0,0.008123112184904848,0,0,0,0,0,0,0,0,0
0.0,R008C021,0,0.008123036513372399,0,0,0,0,0,0,0,0,0
0.0,R008C022,1,0.008123141172850654,1,0,0,0,0,1,0,0,0
0.0,R008C023,1,0.008123065565770688,1,0,0,0,0,3,0,0,0
0.0,R008C024,1,0.008123080093319577,1,0,0,0,0,1,0,0,0
0.0,R008C025,1,0.008123184787971608,1,0,0,0,0,8,0,0,0
0.0,R008C026,1,0.0081231091506113,1,0,0,0,0,3,0,0,0
0.0,R008C027,1,0.008123213847518754,1,0,0,0,0,13,0,0,0
0.0,R008C028,1,0.008123138211146554,1,0,0,0,0,13,0,0,0
0.0,R008C029,1,0.00812315274283739,1,0,0,0,0,13,0,0,0
0.0,R008C030,1,0.008123257474824183,1,0,0,0,0,5,0,0,0
0.0,R008C031,1,0.008123181808245283,1,0,0,0,0,2,0,0,0
0.0,R008C032,1,0.008123286447340002,1,0,0,0,0,4,0,0,0
0.0,R008C033,1,0.008123210908667283,1,0,0,0,0,4,0,0,0
0.0,R008C034,1,0.00812322541265099,1,0,0,0,0,1,0,0,0
0.0,R008C035,0,0.008123330086884723,0,0,0,0,0,0,0,0,0
0.0,R008C036,0,0.008123254549681023,0,0,0,0,0,0,0,0,0
0.0,R008C037,0,0.008123359194460028,0,0,0,0,0,0,0,0,0
0.0,R008C038,0,0.008123283531349192,0,0,0,0,0,0,0,0,0
0.0,R008C039,0,0.008123298102843048,0,0,0,0,0,0,0,0,0
0.0,R008C040,0,0.00812340281449604,0,0,0,0,0,0,0,0,0
0.0,R008C041,0,0.008123327184580642,0,0,0,0,0,0,0,0,0
0.0,R008C042,1,0.008123431898474434,1,0,0,0,0,3,0,0,0
0.0,R008C043,1,0.00812335626955199,1,0,0,0,0,2,0,0,0
0.0,R008C044,1,0.00812337081345155,1,0,0,0,0,6,0,0,0
0.0,R008C045,1,0.008123475498985285,1,0,0,0,0,6,0,0,0
0.0,R008C046,1,0.008123399966748343,1,0,0,0,0,2,0,0,0
0.0,R008C047,1,0.008123504591117596,1,0,0,0,0,4,0,0,0
0.0,R008C048,1,0.008123428964698606,1,0,0,0,0,1,0,0,0
0.0,R008C049,1,0.008123443544352607,1,0,0,0,0,1,0,0,0
0.0,R008C050,1,0.008123548299043954,1,0,0,0,0,2,0,0,0
0.0,R009C000,0,0.008122804204110864,0,0,0,0,0,0,0,0,0
0.0,R009C001,0,0.00812281878819336,0,0,0,0,0,0,0,0,0
0.0,R009C002,0,0.008122923407393401,0,0,0,0,0,0,0,0,0
0.0,R009C003,0,0.008122847799889026,0,0,0,0,0,0,0,0,0
0.0,R009C004,0,0.00812295245307644,0,0,0,0,0,0,0,0,0
0.0,R009C005,0,0.008122876846570697,0,0,0,0,0,0,0,0,0
0.0,R009C006,0,0.008122891403048319,0,0,0,0,0,0,0,0,0
0.0,R009C007,0,0.00812299599613973,0,0,0,0,0,0,0,0,0
0.0,R009C008,0,0.00812292045460767,0,0,0,0,0,0,0,0,0
0.0,R009C009,0,0.00812293495003293,0,0,0,0,0,0,0,0,0
0.0,R009C010,0,0.008123039610025754,0,0,0,0,0,0,0,0,0
0.0,R009C011,0,0.008122964038224227,0,0,0,0,0,0,0,0,0
0.0,R009C012,0,0.008123068668758249,0,0,0,0,0,0,0,0,0
0.0,R009C013,0,0.008122993066244975,0,0,0,0,0,0,0,0,0
0.0,R009C014,0,0.008123007597471777,0,0,0,0,0,0,0,0,0
0.0,R009C015,0,0.008123112263129813,0,0,0,0,0,0,0,0,0
0.0,R009C016,0,0.008123036662091711,0,0,0,0,0,0,0,0,0
0.0,R009C017,0,0.008123141361742133,0,0,0,0,0,0,0,0,0
0.0,R009C018,0,0.008123065729972914,0,0,0,0,0,0,0,0,0
0.0,R009C019,0,0.00812308026531823,0,0,0,0,0,0,0,0,0
0.0,R009C020,0,0.008123184936601646,0,0,0,0,0,0,0,0,0
0.0,R009C021,0,0.008123109338095857,0,0,0,0,0,0,0,0,0
0.0,R009C022,0,0.008123214011631614,0,0,0,0,0,0,0,0,0
0.0,R009C023,1,0.008123138414135585,1,0,0,0,0,2,0,0,0
0.0,R009C024,1,0.008123152985223326,1,0,0,0,0,6,0,0,0
0.0,R009C025,1,0.008123257693945913,1,0,0,0,0,15,0,0,0
0.0,R009C026,1,0.008123182002703289,1,0,0,0,0,7,0,0,0
0.0,R009C027,1,0.008123286681952028,1,0,0,0,0,17,0,0,0
0.0,R009C028,1,0.008123211118609905,1,0,0,0,0,5,0,0,0
0.0,R009C029,1,0.00812322566212839,1,0,0,0,0,9,0,0,0
0.0,R009C030,1,0.00812333034472385,1,0,0,0,0,6,0,0,0
0.0,R009C031,1,0.008123254782902406,1,0,0,0,0,3,0,0,0
0.0,R009C032,0,0.008123359467800823,0,0,0,0,0,0,0,0,0
0.0,R009C033,0,0.008123283843520625,0,0,0,0,0,0,0,0,0
0.0,R009C034,0,0.008123298391059134,0,0,0,0,0,0,0,0,0
0.0,R009C035,0,0.008123403079365422,0,0,0,0,0,0,0,0,0
0.0,R009C036,0,0.00812332748829436,0,0,0,0,0,0,0,0,0
0.0,R009C037,0,0.008123432178867159,0,0,0,0,0,0,0,0,0
0.0,R009C038,0,0.008123356620520179,0,0,0,0,0,0,0,0,0
0.0,R009C039,0,0.008123371108672367,0,0,0,0,0,0,0,0,0
0.0,R009C040,1,0.008123475866119546,1,0,0,0,0,4,0,0,0
0.0,R009C041,1,0.008123400245785374,1,0,0,0,0,6,0,0,0
0.0,R009C042,1,0.008123504973761552,1,0,0,0,0,5,0,0,0
0.0,R009C043,1,0.008123429354426703,1,0,0,0,0,5,0,0,0
0.0,R009C044,1,0.008123443910157619,1,0,0,0,0,2,0,0,0
0.0,R009C045,1,0.00812354864148926,1,0,0,0,0,1,0,0,0
0.0,R009C046,1,0.008123472991942072,1,0,0,0,0,5,0,0,0
0.0,R009C047,1,0.008123577757293533,1,0,0,0,0,4,0,0,0
0.0,R009C048,1,0.00812350214046661,1,0,0,0,0,2,0,0,0
0.0,R009C049,1,0.008123516731949554,1,0,0,0,0,2,0,0,0
0.0,R009C050,1,0.008123621373815386,1,0,0,0,0,3,0,0,0
0.0,R010C000,0,0.008123055005198132,0,0,0,0,0,0,0,0,0
0.0,R010C001,0,0.008123069474193525,0,0,0,0,0,0,0,0,0
0.0,R010C002,0,0.00812317421052415,0,0,0,0,0,0,0,0,0
0.0,R010C003,0,0.0081230985729581,0,0,0,0,0,0,0,0,0
0.0,R010C004,0,0.008123203279835723,0,0,0,0,0,0,0,0,0
0.0,R010C005,0,0.008123127706711976,0,0,0,0,0,0,0,0,0
0.0,R010C006,0,0.008123142116378412,0,0,0,0,0,0,0,0,0
0.0,R010C007,0,0.008123246921784157,0,0,0,0,0,0,0,0,0
0.0,R010C008,0,0.008123171255018338,0,0,0,0,0,0,0,0,0
0.0,R010C009,0,0.0081231857939829,0,0,0,0,0,0,0,0,0
0.0,R010C010,0,0.008123290507661368,0,0,0,0,0,0,0,0,0
0.0,R010C011,0,0.008123214874080313,0,0,0,0,0,0,0,0,0
0.0,R010C012,0,0.008123319590026733,0,0,0,0,0,0,0,0,0
0.0,R010C013,0,0.008123243957461189,0,0,0,0,0,0,0,0,0
0.0,R010C014,0,0.008123258563960095,0,0,0,0,0,0,0,0,0
0.0,R010C015,0,0.008123363188125865,0,0,0,0,0,0,0,0,0
0.0,R010C016,0,0.008123287588762861,0,0,0,0,0,0,0,0,0
0.0,R010C017,0,0.008123392278650936,0,0,0,0,0,0,0,0,0
0.0,R010C018,0,0.008123316712011174,0,0,0,0,0,0,0,0,0
0.0,R010C019,0,0.008123331227445298,0,0,0,0,0,0,0,0,0
0.0,R010C020,0,0.008123435952426676,0,0,0,0,0,0,0,0,0
0.0,R010C021,1,0.00812336032386918,1,0,0,0,0,1,0,0,0
0.0,R010C022,0,0.008123465082839933,0,0,0,0,0,0,0,0,0
0.0,R010C023,0,0.008123389423549201,0,0,0,0,0,0,0,0,0
0.0,R010C024,1,0.00812340394301501,1,0,0,0,0,3,0,0,0
0.0,R010C025,2,0.008123508705446713,2,0,0,0,0,16,0,0,0
0.0,R010C026,1,0.008123433079318058,1,0,0,0,0,4,0,0,0
0.0,R010C027,1,0.00812353784400431,1,0,0,0,0,8,0,0,0
0.0,R010C028,1,0.008123462187156769,1,0,0,0,0,8,0,0,0
0.0,R010C029,1,0.00812347677423219,1,0,0,0,0,4,0,0,0
0.0,R010C030,1,0.008123581478804261,1,0,0,0,0,4,0,0,0
0.0,R010C031,1,0.008123505823479926,1,0,0,0,0,3,0,0,0
0.0,R010C032,1,0.008123610593821207,1,0,0,0,0,2,0,0,0
0.0,R010C033,1,0.008123534971205045,1,0,0,0,0,3,0,0,0
0.0,R010C034,0,0.008123549562300264,0,0,0,0,0,0,0,0,0
0.0,R010C035,0,0.008123654272602534,0,0,0,0,0,0,0,0,0
0.0,R010C036,0,0.008123578683207,0,0,0,0,0,0,0,0,0
0.0,R010C037,0,0.00812368333230359,0,0,0,0,0,0,0,0,0
0.0,R010C038,0,0.008123607807361908,0,0,0,0,0,0,0,0,0
0.0,R010C039,0,0.00812362233908478,0,0,0,0,0,0,0,0,0
0.0,R010C040,0,0.008123727086786487,0,0,0,0,0,0,0,0,0
0.0,R010C041,1,0.008123651468128434,1,0,0,0,0,1,0,0,0
0.0,R010C042,1,0.008123756218098646,1,0,0,0,0,4,0,0,0
0.0,R010C043,1,0.008123680600455522,1,0,0,0,0,3,0,0,0
0.0,R010C044,1,0.008123695199738675,1,0,0,0,0,4,0,0,0
0.0,R010C045,1,0.008123799921338137,1,0,0,0,0,2,0,0,0
0.0,R010C046,1,0.008123724305206942,1,0,0,0,0,1,0,0,0
0.0,R010C047,1,0.008123829092548902,1,0,0,0,0,8,0,0,0
0.0,R010C048,0,0.008123753445670456,0,0,0,0,0,0,0,0,0
0.0,R010C049,0,0.008123767953820664,0,0,0,0,0,0,0,0,0
0.0,R010C050,0,0.008123872808044654,0,0,0,0,0,0,0,0,0
0.0,R011C000,0,0.00812312770659597,0,0,0,0,0,0,0,0,0
0.0,R011C001,0,0.00812314221912373,0,0,0,0,0,0,0,0,0
0.0,R011C002,0,0.00812324696951172,0,0,0,0,0,0,0,0,0
0.0,R011C003,0,0.008123171309797889,0,0,0,0,0,0,0,0,0
0.0,R011C004,0,0.008123276030725024,0,0,0,0,0,0,0,0,0
0.0,R011C005,0,0.00812320040373312,0,0,0,0,0,0,0,0,0
0.0,R011C006,0,0.008123214952115454,0,0,0,0,0,0,0,0,0
0.0,R011C007,0,0.008123319676405139,0,0,0,0,0,0,0,0,0
0.0,R011C008,0,0.008123244082668268,0,0,0,0,0,0,0,0,0
0.0,R011C009,0,0.008123258633453104,0,0,0,0,0,0,0,0,0
0.0,R011C010,0,0.008123363297736988,0,0,0,0,0,0,0,0,0
0.0,R011C011,0,0.008123287705463937,0,0,0,0,0,0,0,0,0
0.0,R011C012,0,0.008123392467200717,0,0,0,0,0,0,0,0,0
0.0,R011C013,0,0.008123316812483053,0,0,0,0,0,0,0,0,0
0.0,R011C014,0,0.008123331367358374,0,0,0,0,0,0,0,0,0
0.0,R011C015,0,0.008123436132495342,0,0,0,0,0,0,0,0,0
0.0,R011C016,1,0.008123360479257491,1,0,0,0,0,4,0,0,0
0.0,R011C017,1,0.008123465183212102,1,0,0,0,0,1,0,0,0
0.0,R011C018,0,0.00812338965788243,0,0,0,0,0,0,0,0,0
0.0,R011C019,0,0.008123404121687968,0,0,0,0,0,0,0,0,0
0.0,R011C020,0,0.00812350892419754,0,0,0,0,0,0,0,0,0
0.0,R011C021,1,0.008123433273490407,1,0,0,0,0,3,0,0,0
0.0,R011C022,2,0.00812353801480064,2,0,0,0,0,11,0,0,0
0.0,R011C023,2,0.008123462396827583,2,0,0,0,0,12,0,0,0
0.0,R011C024,2,0.008123476991576712,2,0,0,0,0,15,0,0,0
0.0,R011C025,2,0.008123581704623663,2,0,0,0,0,6,0,0,0
0.0,R011C026,1,0.008123506088085096,1,0,0,0,0,5,0,0,0
0.0,R011C027,1,0.008123610866849602,1,0,0,0,0,4,0,0,0
0.0,R011C028,0,0.008123535219589204,0,0,0,0,0,0,0,0,0
0.0,R011C029,0,0.008123549786752563,0,0,0,0,0,0,0,0,0
0.0,R011C030,0,0.00812365453714278,0,0,0,0,0,0,0,0,0
0.0,R011C031,1,0.008123578954857462,1,0,0,0,0,1,0,0,0
0.0,R011C032,1,0.008123683675819351,1,0,0,0,0,4,0,0,0
0.0,R011C033,1,0.00812360806279585,1,0,0,0,0,2,0,0,0
0.0,R011C034,1,0.008123622665725113,1,0,0,0,0,1,0,0,0
0.0,R011C035,0,0.00812372739011257,0,0,0,0,0,0,0,0,0
0.0,R011C036,0,0.00812365177856746,0,0,0,0,0,0,0,0,0
0.0,R011C037,0,0.008123756505218236,0,0,0,0,0,0,0,0,0
0.0,R011C038,0,0.008123680989860955,0,0,0,0,0,0,0,0,0
0.0,R011C039,0,0.008123695501701542,0,0,0,0,0,0,0,0,0
0.0,R011C040,0,0.00812380023174259,0,0,0,0,0,0,0,0,0
0.0,R011C041,0,0.008123724686149938,0,0,0,0,0,0,0,0,0
0.0,R011C042,0,0.00812382941847351,0,0,0,0,0,0,0,0,0
0.0,R011C043,0,0.008123753810411811,0,0,0,0,0,0,0,0,0
0.0,R011C044,0,0.00812376842154451,0,0,0,0,0,0,0,0,0
0.0,R011C045,1,0.008123873157237957,1,0,0,0,0,2,0,0,0
0.0,R011C046,1,0.008123797582427613,1,0,0,0,0,2,0,0,0
0.0,R011C047,1,0.008123902288670406,1,0,0,0,0,3,0,0,0
0.0,R011C048,1,0.008123826714846759,1,0,0,0,0,4,0,0,0
0.0,R011C049,1,0.008123841361766386,1,0,0,0,0,1,0,0,0
0.0,R011C050,0,0.008123946039700123,0,0,0,0,0,0,0,0,0
0.0,R012C000,0,0.008123289532090692,0,0,0,0,0,0,0,0,0
0.0,R012C001,0,0.008123304088156855,0,0,0,0,0,0,0,0,0
0.0,R012C002,0,0.008123408793111915,0,0,0,0,0,0,0,0,0
0.0,R012C003,0,0.008123333170743862,0,0,0,0,0,0,0,0,0
0.0,R012C004,0,0.008123437941416425,0,0,0,0,0,0,0,0,0
0.0,R012C005,0,0.008123362256599842,0,0,0,0,0,0,0,0,0
0.0,R012C006,0,0.008123376911980817,0,0,0,0,0,0,0,0,0
0.0,R012C007,0,0.008123481559112442,0,0,0,0,0,0,0,0,0
0.0,R012C008,0,0.008123405970997642,0,0,0,0,0,0,0,0,0
0.0,R012C009,0,0.008123420565337647,0,0,0,0,0,0,0,0,0
0.0,R012C010,0,0.00812352527937041,0,0,0,0,0,0,0,0,0
0.0,R012C011,0,0.008123449692724171,0,0,0,0,0,0,0,0,0
0.0,R012C012,0,0.008123554409028306,0,0,0,0,0,0,0,0,0
0.0,R012C013,0,0.008123478791663412,0,0,0,0,0,0,0,0,0
0.0,R012C014,0,0.008123493390097361,0,0,0,0,0,0,0,0,0
0.0,R012C015,0,0.008123598078076371,0,0,0,0,0,0,0,0,0
0.0,R012C016,1,0.008123522557381725,1,0,0,0,0,1,0,0,0
0.0,R012C017,1,0.008123627247636009,1,0,0,0,0,2,0,0,0
0.0,R012C018,1,0.008123551632752166,1,0,0,0,0,1,0,0,0
0.0,R012C019,1,0.008123566235294742,1,0,0,0,0,3,0,0,0
0.0,R012C020,1,0.008123670928927046,1,0,0,0,0,4,0,0,0
0.0,R012C021,1,0.008123595379039127,1,0,0,0,0,2,0,0,0
0.0,R012C022,2,0.008123700106648559,2,0,0,0,0,24,0,0,0
0.0,R012C023,2,0.008123624526038195,2,0,0,0,0,17,0,0,0
0.0,R012C024,2,0.008123639069169998,2,0,0,0,0,15,0,0,0
0.0,R012C025,2,0.008123743863690478,2,0,0,0,0,11,0,0,0
0.0,R012C026,2,0.008123668221071708,2,0,0,0,0,17,0,0,0
0.0,R012C027,2,0.008123772986133933,2,0,0,0,0,8,0,0,0
0.0,R012C028,2,0.008123697407980229,2,0,0,0,0,12,0,0,0
0.0,R012C029,2,0.008123711955236368,2,0,0,0,0,4,0,0,0
0.0,R012C030,1,0.008123816723670886,1,0,0,0,0,2,0,0,0
0.0,R012C031,0,0.008123741115303344,0,0,0,0,0,0,0,0,0
0.0,R012C032,0,0.008123845886015352,0,0,0,0,0,0,0,0,0
0.0,R012C033,0,0.008123770310373611,0,0,0,0,0,0,0,0,0
0.0,R012C034,0,0.008123784861675747,0,0,0,0,0,0,0,0,0
0.0,R012C035,0,0.008123889667570905,0,0,0,0,0,0,0,0,0
0.0,R012C036,0,0.00812381406164842,0,0,0,0,0,0,0,0,0
0.0,R012C037,0,0.008123918806349708,0,0,0,0,0,0,0,0,0
0.0,R012C038,0,0.008123843201454123,0,0,0,0,0,0,0,0,0
0.0,R012C039,0,0.008123857820309844,0,0,0,0,0,0,0,0,0
0.0,R012C040,0,0.008123962568409698,0,0,0,0,0,0,0,0,0
0.0,R012C041,0,0.008123886996723069,0,0,0,0,0,0,0,0,0
0.0,R012C042,0,0.008123991747104113,0,0,0,0,0,0,0,0,0
0.0,R012C043,0,0.008123916144668546,0,0,0,0,0,0,0,0,0
0.0,R012C044,0,0.008123930767654162,0,0,0,0,0,0,0,0,0
0.0,R012C045,0,0.008124035489672955,0,0,0,0,0,0,0,0,0
0.0,R012C046,0,0.008123959952222088,0,0,0,0,0,0,0,0,0
0.0,R012C047,0,0.008124064708258954,0,0,0,0,0,0,0,0,0
0.0,R012C048,0,0.008123989140072624,0,0,0,0,0,0,0,0,0
0.0,R012C049,0,0.008124003703647163,0,0,0,0,0,0,0,0,0
0.0,R012C050,0,0.008124108526568818,0,0,0,0,0,0,0,0,0
0.0,R013C000,0,0.00812354045715556,0,0,0,0,0,0,0,0,0
0.0,R013C001,0,0.00812355508850497,0,0,0,0,0,0,0,0,0
0.0,R013C002,0,0.0081236597202483,0,0,0,0,0,0,0,0,0
0.0,R013C003,0,0.008123584194737387,0,0,0,0,0,0,0,0,0
0.0,R013C004,0,0.008123688923933161,0,0,0,0,0,0,0,0,0
0.0,R013C005,0,0.008123613272511283,0,0,0,0,0,0,0,0,0
0.0,R013C006,0,0.00812362790799558,0,0,0,0,0,0,0,0,0
0.0,R013C007,0,0.00812373264056834,0,0,0,0,0,0,0,0,0
0.0,R013C008,0,0.008123657054122,0,0,0,0,0,0,0,0,0
0.0,R013C009,0,0.008123671596832537,0,0,0,0,0,0,0,0,0
0.0,R013C010,0,0.008123776332851131,0,0,0,0,0,0,0,0,0
0.0,R013C011,0,0.008123700779608542,0,0,0,0,0,0,0,0,0
0.0,R013C012,0,0.008123805486169961,0,0,0,0,0,0,0,0,0
0.0,R013C013,0,0.00812372993393883,0,0,0,0,0,0,0,0,0
0.0,R013C014,0,0.00812374451246892,0,0,0,0,0,0,0,0,0
0.0,R013C015,0,0.008123849222439994,0,0,0,0,0,0,0,0,0
0.0,R013C016,0,0.00812377363996252,0,0,0,0,0,0,0,0,0
0.0,R013C017,1,0.008123878383937355,1,0,0,0,0,4,0,0,0
0.0,R013C018,1,0.008123802865922165,1,0,0,0,0,4,0,0,0
0.0,R013C019,0,0.008123817385102188,0,0,0,0,0,0,0,0,0
0.0,R013C020,0,0.008123922132457188,0,0,0,0,0,0,0,0,0
0.0,R013C021,2,0.00812384655252202,2,0,0,0,0,4,0,0,0
0.0,R013C022,2,0.008123951397316595,2,0,0,0,0,5,0,0,0
0.0,R013C023,1,0.008123875723195206,1,0,0,0,0,13,0,0,0
0.0,R013C024,1,0.00812389027816472,1,0,0,0,0,9,0,0,0
0.0,R013C025,1,0.008123995062949146,1,0,0,0,0,4,0,0,0
0.0,R013C026,2,0.008123919548937868,2,0,0,0,0,6,0,0,0
0.0,R013C027,0,0.008124024240802271,0,0,0,0,0,0,0,0,0
0.0,R013C028,1,0.008123948696057376,1,0,0,0,0,1,0,0,0
0.0,R013C029,1,0.00812396325516004,1,0,0,0,0,2,0,0,0
0.0,R013C030,1,0.008124068045590467,1,0,0,0,0,1,0,0,0
0.0,R013C031,0,0.0081239924389076,0,0,0,0,0,0,0,0,0
0.0,R013C032,0,0.008124097231620935,0,0,0,0,0,0,0,0,0
0.0,R013C033,0,0.00812402165766674,0,0,0,0,0,0,0,0,0
0.0,R013C034,0,0.008124036220812883,0,0,0,0,0,0,0,0,0
0.0,R013C035,0,0.008124140953515966,0,0,0,0,0,0,0,0,0
0.0,R013C036,0,0.008124065476209936,0,0,0,0,0,0,0,0,0
0.0,R013C037,0,0.008124170179446602,0,0,0,0,0,0,0,0,0
0.0,R013C038,0,0.008124094607971026,0,0,0,0,0,0,0,0,0
0.0,R013C039,0,0.008124109238668936,0,0,0,0,0,0,0,0,0
0.0,R013C040,0,0.008124214008790012,0,0,0,0,0,0,0,0,0
0.0,R013C041,0,0.008124138407046802,0,0,0,0,0,0,0,0,0
0.0,R013C042,0,0.008124243211179272,0,0,0,0,0,0,0,0,0
0.0,R013C043,0,0.008124167610417713,0,0,0,0,0,0,0,0,0
0.0,R013C044,0,0.00812418221353132,0,0,0,0,0,0,0,0,0
0.0,R013C045,0,0.00812428702102428,0,0,0,0,0,0,0,0,0
0.0,R013C046,0,0.008124211485266718,0,0,0,0,0,0,0,0,0
0.0,R013C047,0,0.008124316199856032,0,0,0,0,0,0,0,0,0
0.0,R013C048,0,0.008124240633348627,0,0,0,0,0,0,0,0,0
0.0,R013C049,0,0.008124255240505343,0,0,0,0,0,0,0,0,0
0.0,R013C050,0,0.008124360053727887,0,0,0,0,0,0,0,0,0
0.0,R014C000,0,0.008123613393215818,0,0,0,0,0,0,0,0,0
0.0,R014C001,0,0.00812362790948028,0,0,0,0,0,0,0,0,0
0.0,R014C002,0,0.008123732713940126,0,0,0,0,0,0,0,0,0
0.0,R014C003,0,0.008123657134560943,0,0,0,0,0,0,0,0,0
0.0,R014C004,0,0.00812376187783129,0,0,0,0,0,0,0,0,0
0.0,R014C005,0,0.008123686267716845,0,0,0,0,0,0,0,0,0
0.0,R014C006,0,0.008123700883308497,0,0,0,0,0,0,0,0,0
0.0,R014C007,0,0.00812380566168505,0,0,0,0,0,0,0,0,0
0.0,R014C008,0,0.008123730021365141,0,0,0,0,0,0,0,0,0
0.0,R014C009,0,0.008123744607637566,0,0,0,0,0,0,0,0,0
0.0,R014C010,0,0.008123849389470215,0,0,0,0,0,0,0,0,0
0.0,R014C011,0,0.00812377378234561,0,0,0,0,0,0,0,0,0
0.0,R014C012,0,0.008123878566457927,0,0,0,0,0,0,0,0,0
0.0,R014C013,0,0.008123803023812742,0,0,0,0,0,0,0,0,0
0.0,R014C014,0,0.008123817518986045,0,0,0,0,0,0,0,0,0
0.0,R014C015,0,0.00812392233823693,0,0,0,0,0,0,0,0,0
0.0,R014C016,0,0.008123846765340005,0,0,0,0,0,0,0,0,0
0.0,R014C017,1,0.008123951523409416,1,0,0,0,0,1,0,0,0
0.0,R014C018,1,0.008123875919787879,1,0,0,0,0,7,0,0,0
0.0,R014C019,1,0.008123890545998182,1,0,0,0,0,5,0,0,0
0.0,R014C020,1,0.008123995275713817,1,0,0,0,0,3,0,0,0
0.0,R014C021,1,0.008123919737097616,1,0,0,0,0,6,0,0,0
0.0,R014C022,1,0.008124024500790507,1,0,0,0,0,6,0,0,0
0.0,R014C023,1,0.008123948899720011,1,0,0,0,0,5,0,0,0
0.0,R014C024,1,0.008123963529987184,1,0,0,0,0,1,0,0,0
0.0,R014C025,1,0.008124068265420182,1,0,0,0,0,3,0,0,0
0.0,R014C026,1,0.008123992729250896,1,0,0,0,0,2,0,0,0
0.0,R014C027,1,0.008124097466953346,1,0,0,0,0,2,0,0,0
0.0,R014C028,1,0.00812402190006591,1,0,0,0,0,2,0,0,0
0.0,R014C029,0,0.008124036534475498,0,0,0,0,0,0,0,0,0
0.0,R014C030,0,0.00812414130727848,0,0,0,0,0,0,0,0,0
0.0,R014C031,0,0.008124065741916955,0,0,0,0,0,0,0,0,0
0.0,R014C032,0,0.00812417051700086,0,0,0,0,0,0,0,0,0
0.0,R014C033,0,0.008124094889168341,0,0,0,0,0,0,0,0,0
0.0,R014C034,0,0.008124109591097712,0,0,0,0,0,0,0,0,0
0.0,R014C035,0,0.008124214337907635,0,0,0,0,0,0,0,0,0
0.0,R014C036,0,0.008124138711532409,0,0,0,0,0,0,0,0,0
0.0,R014C037,0,0.008124243555813052,0,0,0,0,0,0,0,0,0
0.0,R014C038,0,0.008124168025645953,0,0,0,0,0,0,0,0,0
0.0,R014C039,0,0.008124182573007776,0,0,0,0,0,0,0,0,0
0.0,R014C040,0,0.008124287357236838,0,0,0,0,0,0,0,0,0
0.0,R014C041,0,0.008124211860284405,0,0,0,0,0,0,0,0,0
0.0,R014C042,0,0.008124316583328375,0,0,0,0,0,0,0,0,0
0.0,R014C043,0,0.008124241023903503,0,0,0,0,0,0,0,0,0
0.0,R014C044,0,0.00812425567060857,0,0,0,0,0,0,0,0,0
0.0,R014C045,0,0.008124360428734533,0,0,0,0,0,0,0,0,0
0.0,R014C046,0,0.008124284902582653,0,0,0,0,0,0,0,0,0
0.0,R014C047,0,0.008124389694756626,0,0,0,0,0,0,0,0,0
0.0,R014C048,0,0.008124314137844334,0,0,0,0,0,0,0,0,0
0.0,R014C049,0,0.008124328725125226,0,0,0,0,0,0,0,0,0
0.0,R014C050,0,0.008124433552465721,0,0,0,0,0,0,0,0,0
0.0,R015C000,0,0.008123864485554745,0,0,0,0,0,0,0,0,0
0.0,R015C001,0,0.008123879045382858,0,0,0,0,0,0,0,0,0
0.0,R015C002,0,0.008123983840099751,0,0,0,0,0,0,0,0,0
0.0,R015C003,0,0.008123908230663588,0,0,0,0,0,0,0,0,0
0.0,R015C004,0,0.008124012995928595,0,0,0,0,0,0,0,0,0
0.0,R015C005,0,0.00812393745094759,0,0,0,0,0,0,0,0,0
0.0,R015C006,0,0.00812395204665294,0,0,0,0,0,0,0,0,0
0.0,R015C007,0,0.008124056783555907,0,0,0,0,0,0,0,0,0
0.0,R015C008,0,0.008123981208375304,0,0,0,0,0,0,0,0,0
0.0,R015C009,0,0.008123995774753458,0,0,0,0,0,0,0,0,0
0.0,R015C010,0,0.008124100610319023,0,0,0,0,0,0,0,0,0
0.0,R015C011,0,0.008124025004874835,0,0,0,0,0,0,0,0,0
0.0,R015C012,0,0.008124129842716632,0,0,0,0,0,0,0,0,0
0.0,R015C013,0,0.008124054206553271,0,0,0,0,0,0,0,0,0
0.0,R015C014,0,0.008124068808762253,0,0,0,0,0,0,0,0,0
0.0,R015C015,0,0.008124173618282899,0,0,0,0,0,0,0,0,0
0.0,R015C016,0,0.008124097983601825,0,0,0,0,0,0,0,0,0
0.0,R015C017,1,0.00812420282713968,1,0,0,0,0,7,0,0,0
0.0,R015C018,1,0.008124127256931171,1,0,0,0,0,2,0,0,0
0.0,R015C019,1,0.008124141799791894,1,0,0,0,0,8,0,0,0
0.0,R015C020,1,0.008124246646710947,1,0,0,0,0,6,0,0,0
0.0,R015C021,1,0.008124171078038646,1,0,0,0,0,2,0,0,0
0.0,R015C022,1,0.008124275800282405,1,0,0,0,0,2,0,0,0
0.0,R015C023,1,0.008124200296085177,1,0,0,0,0,5,0,0,0
0.0,R015C024,1,0.008124214906472626,1,0,0,0,0,2,0,0,0
0.0,R015C025,1,0.008124319695644968,1,0,0,0,0,2,0,0,0
0.0,R015C026,1,0.008124244065960691,1,0,0,0,0,3,0,0,0
0.0,R015C027,1,0.008124348920882478,1,0,0,0,0,3,0,0,0
0.0,R015C028,0,0.00812427332393603,0,0,0,0,0,0,0,0,0
0.0,R015C029,1,0.008124287970205889,1,0,0,0,0,1,0,0,0
0.0,R015C030,1,0.008124392733282136,1,0,0,0,0,2,0,0,0
0.0,R015C031,1,0.008124317169607431,1,0,0,0,0,1,0,0,0
0.0,R015C032,0,0.008124421998453308,0,0,0,0,0,0,0,0,0
0.0,R015C033,0,0.008124346404023906,0,0,0,0,0,0,0,0,0
0.0,R015C034,0,0.008124361022615817,0,0,0,0,0,0,0,0,0
0.0,R015C035,0,0.008124465823172401,0,0,0,0,0,0,0,0,0
0.0,R015C036,0,0.008124390293689004,0,0,0,0,0,0,0,0,0
0.0,R015C037,0,0.008124495096523866,0,0,0,0,0,0,0,0,0
0.0,R015C038,0,0.008124419472844948,0,0,0,0,0,0,0,0,0
0.0,R015C039,0,0.008124434127265438,0,0,0,0,0,0,0,0,0
0.0,R015C040,0,0.00812453899698555,0,0,0,0,0,0,0,0,0
0.0,R015C041,0,0.008124463343059126,0,0,0,0,0,0,0,0,0
0.0,R015C042,0,0.008124568215046361,0,0,0,0,0,0,0,0,0
0.0,R015C043,0,0.008124492657327462,0,0,0,0,0,0,0,0,0
0.0,R015C044,0,0.008124507252412812,0,0,0,0,0,0,0,0,0
0.0,R015C045,0,0.008124612064305326,0,0,0,0,0,0,0,0,0
0.0,R015C046,0,0.008124536539848732,0,0,0,0,0,0,0,0,0
0.0,R015C047,0,0.008124641322304584,0,0,0,0,0,0,0,0,0
0.0,R015C048,0,0.008124565767105643,0,0,0,0,0,0,0,0,0
0.0,R015C049,0,0.008124580397965452,0,0,0,0,0,0,0,0,0
0.0,R015C050,0,0.008124685215616675,0,0,0,0,0,0,0,0,0
0.0,R016C000,0,0.008123937514601142,0,0,0,0,0,0,0,0,0
0.0,R016C001,0,0.00812395214973067,0,0,0,0,0,0,0,0,0
0.0,R016C002,0,0.008124056863340457,0,0,0,0,0,0,0,0,0
0.0,R016C003,0,0.008123981326956017,0,0,0,0,0,0,0,0,0
0.0,R016C004,0,0.008124086106309313,0,0,0,0,0,0,0,0,0
0.0,R016C005,0,0.008124010475723427,0,0,0,0,0,0,0,0,0
0.0,R016C006,0,0.008124025146724561,0,0,0,0,0,0,0,0,0
0.0,R016C007,0,0.008124129929458181,0,0,0,0,0,0,0,0,0
0.0,R016C008,0,0.008124054363864913,0,0,0,0,0,0,0,0,0
0.0,R016C009,0,0.008124068973813322,0,0,0,0,0,0,0,0,0
0.0,R016C010,0,0.008124173760012116,0,0,0,0,0,0,0,0,0
0.0,R016C011,0,0.008124098164157297,0,0,0,0,0,0,0,0,0
0.0,R016C012,0,0.008124202984364361,0,0,0,0,0,0,0,0,0
0.0,R016C013,0,0.008124127421257487,0,0,0,0,0,0,0,0,0
0.0,R016C014,0,0.008124142035312042,0,0,0,0,0,0,0,0,0
0.0,R016C015,0,0.00812424679546296,0,0,0,0,0,0,0,0,0
0.0,R016C016,1,0.008124171265578347,1,0,0,0,0,1,0,0,0
0.0,R016C017,1,0.008124276059744532,1,0,0,0,0,8,0,0,0
0.0,R016C018,1,0.008124200499128022,1,0,0,0,0,1,0,0,0
0.0,R016C019,1,0.008124215085577789,1,0,0,0,0,1,0,0,0
0.0,R016C020,1,0.008124319946596525,1,0,0,0,0,7,0,0,0
0.0,R016C021,1,0.008124244324055611,1,0,0,0,0,5,0,0,0
0.0,R016C022,0,0.008124349187330886,0,0,0,0,0,0,0,0,0
0.0,R016C023,1,0.008124273534065623,1,0,0,0,0,3,0,0,0
0.0,R016C024,1,0.008124288251512218,1,0,0,0,0,1,0,0,0
0.0,R016C025,0,0.008124392991310363,0,0,0,0,0,0,0,0,0
0.0,R016C026,0,0.008124317466426117,0,0,0,0,0,0,0,0,0
0.0,R016C027,0,0.008124422240260422,0,0,0,0,0,0,0,0,0
0.0,R016C028,0,0.008124346748109506,0,0,0,0,0,0,0,0,0
0.0,R016C029,0,0.008124361311031687,0,0,0,0,0,0,0,0,0
0.0,R016C030,0,0.008124466183427544,0,0,0,0,0,0,0,0,0
0.0,R016C031,0,0.008124390565869052,0,0,0,0,0,0,0,0,0
0.0,R016C032,0,0.00812449540883893,0,0,0,0,0,0,0,0,0
0.0,R016C033,0,0.008124419887482165,0,0,0,0,0,0,0,0,0
0.0,R016C034,0,0.008124434422722973,0,0,0,0,0,0,0,0,0
0.0,R016C035,0,0.008124539332595219,0,0,0,0,0,0,0,0,0
0.0,R016C036,0,0.008124463717513856,0,0,0,0,0,0,0,0,0
0.0,R016C037,0,0.008124568597936976,0,0,0,0,0,0,0,0,0
0.0,R016C038,0,0.008124492983850852,0,0,0,0,0,0,0,0,0
0.0,R016C039,0,0.008124507650134396,0,0,0,0,0,0,0,0,0
0.0,R016C040,0,0.008124612470501193,0,0,0,0,0,0,0,0,0
0.0,R016C041,0,0.008124536889652138,0,0,0,0,0,0,0,0,0
0.0,R016C042,0,0.008124641744037918,0,0,0,0,0,0,0,0,0
0.0,R016C043,0,0.008124566195912755,0,0,0,0,0,0,0,0,0
0.0,R016C044,0,0.008124580834589334,0,0,0,0,0,0,0,0,0
0.0,R016C045,0,0.008124685660614715,0,0,0,0,0,0,0,0,0
0.0,R016C046,0,0.008124610082297706,0,0,0,0,0,0,0,0,0
0.0,R016C047,0,0.008124714942336816,0,0,0,0,0,0,0,0,0
0.0,R016C048,0,0.008124639428482081,0,0,0,0,0,0,0,0,0
0.0,R016C049,0,0.008124654007741625,0,0,0,0,0,0,0,0,0
0.0,R016C050,0,0.008124758839523386,0,0,0,0,0,0,0,0,0
0.0,R017C000,0,0.008124188742489382,0,0,0,0,0,0,0,0,0
0.0,R017C001,0,0.008124203357732267,0,0,0,0,0,0,0,0,0
0.0,R017C002,0,0.008124308156813585,0,0,0,0,0,0,0,0,0
0.0,R017C003,0,0.008124232558638603,0,0,0,0,0,0,0,0,0
0.0,R017C004,0,0.008124337359998937,0,0,0,0,0,0,0,0,0
0.0,R017C005,0,0.008124261826295262,0,0,0,0,0,0,0,0,0
0.0,R017C006,0,0.008124276445670117,0,0,0,0,0,0,0,0,0
0.0,R017C007,0,0.008124381218683606,0,0,0,0,0,0,0,0,0
0.0,R017C008,0,0.008124305654770013,0,0,0,0,0,0,0,0,0
0.0,R017C009,0,0.00812432027656694,0,0,0,0,0,0,0,0,0
0.0,R017C010,0,0.008124425116511094,0,0,0,0,0,0,0,0,0
0.0,R017C011,0,0.008124349585803405,0,0,0,0,0,0,0,0,0
0.0,R017C012,0,0.008124454364558392,0,0,0,0,0,0,0,0,0
0.0,R017C013,0,0.008124378707927314,0,0,0,0,0,0,0,0,0
0.0,R017C014,0,0.00812439346076754,0,0,0,0,0,0,0,0,0
0.0,R017C015,0,0.008124498211203974,0,0,0,0,0,0,0,0,0
0.0,R017C016,0,0.008124422651272617,0,0,0,0,0,0,0,0,0
0.0,R017C017,0,0.008124527530926991,0,0,0,0,0,0,0,0,0
0.0,R017C018,0,0.008124451876784379,0,0,0,0,0,0,0,0,0
0.0,R017C019,0,0.008124466570289562,0,0,0,0,0,0,0,0,0
0.0,R017C020,0,0.008124571389863534,0,0,0,0,0,0,0,0,0
0.0,R017C021,1,0.008124495800739729,1,0,0,0,0,2,0,0,0
0.0,R017C022,1,0.008124600686040777,1,0,0,0,0,6,0,0,0
0.0,R017C023,1,0.008124525066194103,1,0,0,0,0,1,0,0,0
0.0,R017C024,1,0.008124539700290197,1,0,0,0,0,4,0,0,0
0.0,R017C025,0,0.008124644525591264,0,0,0,0,0,0,0,0,0
0.0,R017C026,0,0.008124569002394232,0,0,0,0,0,0,0,0,0
0.0,R017C027,0,0.008124673798245843,0,0,0,0,0,0,0,0,0
0.0,R017C028,0,0.008124598276058537,0,0,0,0,0,0,0,0,0
0.0,R017C029,0,0.008124612882564755,0,0,0,0,0,0,0,0,0
0.0,R017C030,0,0.008124717745265096,0,0,0,0,0,0,0,0,0
0.0,R017C031,0,0.008124642192861912,0,0,0,0,0,0,0,0,0
0.0,R017C032,0,0.008124746994384969,0,0,0,0,0,0,0,0,0
0.0,R017C033,0,0.008124671474722518,0,0,0,0,0,0,0,0,0
0.0,R017C034,0,0.008124686085293962,0,0,0,0,0,0,0,0,0
0.0,R017C035,0,0.00812479092200377,0,0,0,0,0,0,0,0,0
0.0,R017C036,0,0.008124715403807974,0,0,0,0,0,0,0,0,0
0.0,R017C037,0,0.008124820211071578,0,0,0,0,0,0,0,0,0
0.0,R017C038,0,0.008124744693884975,0,0,0,0,0,0,0,0,0
0.0,R017C039,0,0.008124759340289596,0,0,0,0,0,0,0,0,0
0.0,R017C040,0,0.008124864150964932,0,0,0,0,0,0,0,0,0
0.0,R017C041,0,0.008124788635268753,0,0,0,0,0,0,0,0,0
0.0,R017C042,0,0.008124893448234066,0,0,0,0,0,0,0,0,0
0.0,R017C043,0,0.00812481790179531,0,0,0,0,0,0,0,0,0
0.0,R017C044,0,0.008124832552345083,0,0,0,0,0,0,0,0,0
0.0,R017C045,0,0.008124937432151983,0,0,0,0,0,0,0,0,0
0.0,R017C046,0,0.008124861855519291,0,0,0,0,0,0,0,0,0
0.0,R017C047,0,0.008124966769354367,0,0,0,0,0,0,0,0,0
0.0,R017C048,0,0.008124891161968057,0,0,0,0,0,0,0,0,0
0.0,R017C049,0,0.008124905816582689,0,0,0,0,0,0,0,0,0
0.0,R017C050,0,0.00812501073388426,0,0,0,0,0,0,0,0,0
0.0,R018C000,0,0.008124261896245268,0,0,0,0,0,0,0,0,0
0.0,R018C001,0,0.008124276491598326,0,0,0,0,0,0,0,0,0
0.0,R018C002,0,0.008124381336519389,0,0,0,0,0,0,0,0,0
0.0,R018C003,0,0.008124305811397215,0,0,0,0,0,0,0,0,0
0.0,R018C004,0,0.008124410595136166,0,0,0,0,0,0,0,0,0
0.0,R018C005,0,0.008124335039284745,0,0,0,0,0,0,0,0,0
0.0,R018C006,0,0.008124349702241697,0,0,0,0,0,0,0,0,0
0.0,R018C007,0,0.008124454457625848,0,0,0,0,0,0,0,0,0
0.0,R018C008,0,0.008124378966774983,0,0,0,0,0,0,0,0,0
0.0,R018C009,0,0.008124393600427904,0,0,0,0,0,0,0,0,0
0.0,R018C010,0,0.008124498391007774,0,0,0,0,0,0,0,0,0
0.0,R018C011,0,0.008124422838159829,0,0,0,0,0,0,0,0,0
0.0,R018C012,0,0.00812452769449701,0,0,0,0,0,0,0,0,0
0.0,R018C013,0,0.008124452110932729,0,0,0,0,0,0,0,0,0
0.0,R018C014,0,0.008124466748678451,0,0,0,0,0,0,0,0,0
0.0,R018C015,0,0.008124571576705646,0,0,0,0,0,0,0,0,0
0.0,R018C016,0,0.008124496026365021,0,0,0,0,0,0,0,0,0
0.0,R018C017,0,0.00812460088840029,0,0,0,0,0,0,0,0,0
0.0,R018C018,0,0.008124525275594466,0,0,0,0,0,0,0,0,0
0.0,R018C019,0,0.008124539980949861,0,0,0,0,0,0,0,0,0
0.0,R018C020,0,0.00812464478291454,0,0,0,0,0,0,0,0,0
0.0,R018C021,0,0.008124569266853223,0,0,0,0,0,0,0,0,0
0.0,R018C022,0,0.008124674039329063,0,0,0,0,0,0,0,0,0
0.0,R018C023,0,0.008124598556032696,0,0,0,0,0,0,0,0,0
0.0,R018C024,0,0.008124613201972802,0,0,0,0,0,0,0,0,0
0.0,R018C025,0,0.008124718009669801,0,0,0,0,0,0,0,0,0
0.0,R018C026,0,0.008124642432607949,0,0,0,0,0,0,0,0,0
0.0,R018C027,0,0.008124747306049245,0,0,0,0,0,0,0,0,0
0.0,R018C028,0,0.008124671825190128,0,0,0,0,0,0,0,0,0
0.0,R018C029,0,0.008124686411831734,0,0,0,0,0,0,0,0,0
0.0,R018C030,0,0.008124791225194123,0,0,0,0,0,0,0,0,0
0.0,R018C031,0,0.008124715745858296,0,0,0,0,0,0,0,0,0
0.0,R018C032,0,0.00812482059325605,0,0,0,0,0,0,0,0,0
0.0,R018C033,0,0.008124744987965666,0,0,0,0,0,0,0,0,0
0.0,R018C034,0,0.008124759705616104,0,0,0,0,0,0,0,0,0
0.0,R018C035,0,0.00812486452473009,0,0,0,0,0,0,0,0,0
0.0,R018C036,0,0.008124788984393361,0,0,0,0,0,0,0,0,0
0.0,R018C037,0,0.008124893869257716,0,0,0,0,0,0,0,0,0
0.0,R018C038,0,0.008124818298213972,0,0,0,0,0,0,0,0,0
0.0,R018C039,0,0.008124832956481127,0,0,0,0,0,0,0,0,0
0.0,R018C040,0,0.008124937813031937,0,0,0,0,0,0,0,0,0
0.0,R018C041,0,0.008124862275205648,0,0,0,0,0,0,0,0,0
0.0,R018C042,0,0.008124967134044671,0,0,0,0,0,0,0,0,0
0.0,R018C043,0,0.008124891628946052,0,0,0,0,0,0,0,0,0
0.0,R018C044,0,0.00812490625963415,0,0,0,0,0,0,0,0,0
0.0,R018C045,0,0.00812501118532807,0,0,0,0,0,0,0,0,0
0.0,R018C046,0,0.00812493555481034,0,0,0,0,0,0,0,0,0
0.0,R018C047,0,0.008125040451063024,0,0,0,0,0,0,0,0,0
0.0,R018C048,0,0.008124964948485454,0,0,0,0,0,0,0,0,0
0.0,R018C049,0,0.008124979551500601,0,0,0,0,0,0,0,0,0
0.0,R018C050,0,0.008125084451201725,0,0,0,0,0,0,0,0,0
0.0,R019C000,0,0.00812451322796453,0,0,0,0,0,0,0,0,0
0.0,R019C001,0,0.008124527866901954,0,0,0,0,0,0,0,0,0
0.0,R019C002,0,0.008124632797317958,0,0,0,0,0,0,0,0,0
0.0,R019C003,0,0.00812455717867071,0,0,0,0,0,0,0,0,0
0.0,R019C004,0,0.00812466198442691,0,0,0,0,0,0,0,0,0
0.0,R019C005,0,0.00812458646199255,0,0,0,0,0,0,0,0,0
0.0,R019C006,0,0.008124601105072885,0,0,0,0,0,0,0,0,0
0.0,R019C007,0,0.00812470594595225,0,0,0,0,0,0,0,0,0
0.0,R019C008,0,0.008124630393309747,0,0,0,0,0,0,0,0,0
0.0,R019C009,0,0.008124645038817779,0,0,0,0,0,0,0,0,0
0.0,R019C010,0,0.00812474988316471,0,0,0,0,0,0,0,0,0
0.0,R019C011,0,0.008124674300259498,0,0,0,0,0,0,0,0,0
0.0,R019C012,0,0.008124779178630063,0,0,0,0,0,0,0,0,0
0.0,R019C013,0,0.008124703660221076,0,0,0,0,0,0,0,0,0
0.0,R019C014,0,0.008124718278095432,0,0,0,0,0,0,0,0,0
0.0,R019C015,0,0.008124823096411916,0,0,0,0,0,0,0,0,0
0.0,R019C016,0,0.008124747611230155,0,0,0,0,0,0,0,0,0
0.0,R019C017,0,0.008124852400090345,0,0,0,0,0,0,0,0,0
0.0,R019C018,0,0.008124776915913949,0,0,0,0,0,0,0,0,0
0.0,R019C019,0,0.008124791537922853,0,0,0,0,0,0,0,0,0
0.0,R019C020,0,0.00812489639366231,0,0,0,0,0,0,0,0,0
0.0,R019C021,0,0.00812482084755531,0,0,0,0,0,0,0,0,0
0.0,R019C022,0,0.008124925673805666,0,0,0,0,0,0,0,0,0
0.0,R019C023,0,0.008124850160454292,0,0,0,0,0,0,0,0,0
0.0,R019C024,0,0.008124864818268152,0,0,0,0,0,0,0,0,0
0.0,R019C025,0,0.008124969711477081,0,0,0,0,0,0,0,0,0
0.0,R019C026,0,0.008124894104358259,0,0,0,0,0,0,0,0,0
0.0,R019C027,0,0.008124998999853939,0,0,0,0,0,0,0,0,0
0.0,R019C028,0,0.008124923425471988,0,0,0,0,0,0,0,0,0
0.0,R019C029,0,0.00812493818265761,0,0,0,0,0,0,0,0,0
0.0,R019C030,0,0.008125042954596689,0,0,0,0,0,0,0,0,0
0.0,R019C031,0,0.008124967445218489,0,0,0,0,0,0,0,0,0
0.0,R019C032,0,0.008125072314662567,0,0,0,0,0,0,0,0,0
0.0,R019C033,0,0.008124996774546759,0,0,0,0,0,0,0,0,0
0.0,R019C034,0,0.008125011440580853,0,0,0,0,0,0,0,0,0
0.0,R019C035,0,0.008125116313490374,0,0,0,0,0,0,0,0,0
0.0,R019C036,0,0.008125040774846846,0,0,0,0,0,0,0,0,0
0.0,R019C037,0,0.00812514565002211,0,0,0,0,0,0,0,0,0
0.0,R019C038,0,0.008125070112404006,0,0,0,0,0,0,0,0,0
0.0,R019C039,0,0.008125084782554344,0,0,0,0,0,0,0,0,0
0.0,R019C040,0,0.008125189661156114,0,0,0,0,0,0,0,0,0
0.0,R019C041,0,0.008125114093276807,0,0,0,0,0,0,0,0,0
0.0,R019C042,0,0.008125219005920207,0,0,0,0,0,0,0,0,0
0.0,R019C043,0,0.008125143470780596,0,0,0,0,0,0,0,0,0
0.0,R019C044,0,0.008125158176817634,0,0,0,0,0,0,0,0,0
0.0,R019C045,0,0.008125262997616121,0,0,0,0,0,0,0,0,0
0.0,R019C046,0,0.008125187495741953,0,0,0,0,0,0,0,0,0
0.0,R019C047,0,0.008125292382327952,0,0,0,0,0,0,0,0,0
0.0,R019C048,0,0.008125216849720143,0,0,0,0,0,0,0,0,0
0.0,R019C049,0,0.008125231559813668,0,0,0,0,0,0,0,0,0
0.0,R019C050,0,0.008125336418107811,0,0,0,0,0,0,0,0,0
0.0,R020C000,0,0.008124586601642,0,0,0,0,0,0,0,0,0
0.0,R020C001,0,0.008124601220695393,0,0,0,0,0,0,0,0,0
0.0,R020C002,0,0.008124706038281545,0,0,0,0,0,0,0,0,0
0.0,R020C003,0,0.008124630524445417,0,0,0,0,0,0,0,0,0
0.0,R020C004,0,0.008124735407792285,0,0,0,0,0,0,0,0,0
0.0,R020C005,0,0.008124659799737656,0,0,0,0,0,0,0,0,0
0.0,R020C006,0,0.00812467448641579,0,0,0,0,0,0,0,0,0
0.0,R020C007,0,0.00812477934141877,0,0,0,0,0,0,0,0,0
0.0,R020C008,0,0.008124703798369146,0,0,0,0,0,0,0,0,0
0.0,R020C009,0,0.00812471848746963,0,0,0,0,0,0,0,0,0
0.0,R020C010,0,0.008124823314205885,0,0,0,0,0,0,0,0,0
0.0,R020C011,0,0.008124747772639102,0,0,0,0,0,0,0,0,0
0.0,R020C012,0,0.008124852601655092,0,0,0,0,0,0,0,0,0
0.0,R020C013,0,0.008124777124579036,0,0,0,0,0,0,0,0,0
0.0,R020C014,0,0.008124791722584027,0,0,0,0,0,0,0,0,0
0.0,R020C015,0,0.008124896650246818,0,0,0,0,0,0,0,0,0
0.0,R020C016,0,0.00812482107944237,0,0,0,0,0,0,0,0,0
0.0,R020C017,0,0.008124925914176854,0,0,0,0,0,0,0,0,0
0.0,R020C018,0,0.008124850439594315,0,0,0,0,0,0,0,0,0
0.0,R020C019,0,0.008124865010000183,0,0,0,0,0,0,0,0,0
0.0,R020C020,0,0.008124970006819512,0,0,0,0,0,0,0,0,0
0.0,R020C021,0,0.008124894375095327,0,0,0,0,0,0,0,0,0
0.0,R020C022,0,0.008124999310704005,0,0,0,0,0,0,0,0,0
0.0,R020C023,0,0.008124923743468997,0,0,0,0,0,0,0,0,0
0.0,R020C024,0,0.00812493841315057,0,0,0,0,0,0,0,0,0
0.0,R020C025,0,0.008125043288774057,0,0,0,0,0,0,0,0,0
0.0,R020C026,0,0.008124967754710074,0,0,0,0,0,0,0,0,0
0.0,R020C027,0,0.008125072632619424,0,0,0,0,0,0,0,0,0
0.0,R020C028,0,0.008124997099582134,0,0,0,0,0,0,0,0,0
0.0,R020C029,0,0.008125011741686495,0,0,0,0,0,0,0,0,0
0.0,R020C030,0,0.00812511665470883,0,0,0,0,0,0,0,0,0
0.0,R020C031,0,0.008125041154937496,0,0,0,0,0,0,0,0,0
0.0,R020C032,0,0.008125146006788053,0,0,0,0,0,0,0,0,0
0.0,R020C033,0,0.008125070476286406,0,0,0,0,0,0,0,0,0
0.0,R020C034,0,0.008125085154194462,0,0,0,0,0,0,0,0,0
0.0,R020C035,0,0.008125190041238392,0,0,0,0,0,0,0,0,0
0.0,R020C036,0,0.008125114512204499,0,0,0,0,0,0,0,0,0
0.0,R020C037,0,0.008125219369798533,0,0,0,0,0,0,0,0,0
0.0,R020C038,0,0.008125143873517473,0,0,0,0,0,0,0,0,0
0.0,R020C039,0,0.008125158555550524,0,0,0,0,0,0,0,0,0
0.0,R020C040,0,0.008125263480043785,0,0,0,0,0,0,0,0,0
0.0,R020C041,0,0.008125187858293723,0,0,0,0,0,0,0,0,0
0.0,R020C042,0,0.008125292880296281,0,0,0,0,0,0,0,0,0
0.0,R020C043,0,0.008125217291289132,0,0,0,0,0,0,0,0,0
0.0,R020C044,0,0.00812523197748041,0,0,0,0,0,0,0,0,0
0.0,R020C045,0,0.008125336844164594,0,0,0,0,0,0,0,0,0
0.0,R020C046,0,0.00812526135190578,0,0,0,0,0,0,0,0,0
0.0,R020C047,0,0.008125366252636775,0,0,0,0,0,0,0,0,0
0.0,R020C048,0,0.00812529072964301,0,0,0,0,0,0,0,0,0
0.0,R020C049,0,0.008125305451629199,0,0,0,0,0,0,0,0,0
0.0,R020C050,0,0.008125410324080195,0,0,0,0,0,0,0,0,0
